company_name,position_title,skills
Grand-flo Spritvest Sdn Bhd,Software Engineer (Web),develop test and implement new or existing software products and continuously looking for improvements
Legal Marketing And Staffing,Information Technology System Administrator,maintain network integrity and security
Randstad,Office Clerk,filing
Cardinal Logistics,CDL-A Truck Driver - $5K Sign On Bonus,required skills class a commercial driver s license cdla
Motivate LLC,Assistant Manager,onboarding
Cleveland Metroparks,Marketing Intern,required skills must be currently enrolled in college and pursuing coursework in marketing or communication ability to develop and maintain effective working relationships with stakeholders including employees and the general public ability to speak and write clearly
Macys--Remote,Customer Service Representative ,returns and sales answer and resolve calls from sales colleagues and customers regarding guidelines increases and credit referrals complete various credit customer service functions based on business needs
SimplyInsured,Data Entry Clerk,prepare and submit customer applications to insurance carriers for approval review and compile necessary information ensuring application packet completeness and accuracy verify proper formatting and submit the application using the carrier specified channel
Journeys,Part-Time Sales Associate,provide full service experience to customers
Firstsource Solution USA,Remote Patient Advocate Specialist,provide instructions
Wells Fargo,Search optimization,data and analytics
Franklin University,"Field Placement Coordinator, School of Education",required skills experience working with public private schools college degree
System One,IT Systems Administrator,support the different stakeholders in the business unit to accelerate the results of the proof of concept and rollout
Design Resources Group Architects AIA,Marketing Coordinator,preparing proposals
ROSE,Sales and Marketing Coordinator,marketing campaigns
